{"cameraMode":{"drawMode":31,"name":"Sprite Mask","section":"Miscellaneous"},"sceneLighting":false,"audioPlay":false,"sceneViewState":{"showFog":true,"showMaterialUpdate":true,"showSkybox":true,"showFlares":true,"showImageEffects":true,"showParticleSystems":true},"in2DMode":false,"pivot":{"x":1.100000023841858,"y":1.2999999523162842,"z":0.0},"rotation":{"x":0.18173019587993623,"y":0.24917900562286378,"z":-0.04766378179192543,"w":0.9500590562820435},"size":1.4289418458938599,"orthographic":true}