{"cameraMode":{"drawMode":31,"name":"Sprite Mask","section":"Miscellaneous"},"sceneLighting":false,"audioPlay":false,"sceneViewState":{"showFog":true,"showMaterialUpdate":true,"showSkybox":true,"showFlares":true,"showImageEffects":true,"showParticleSystems":true},"in2DMode":false,"pivot":{"x":-0.04499995708465576,"y":-0.49800002574920657,"z":10.355999946594239},"rotation":{"x":0.26763537526130679,"y":-0.238241508603096,"z":0.0684809684753418,"w":0.9310868382453919},"size":46.39461135864258,"orthographic":true}