{"cameraMode":{"drawMode":31,"name":"Sprite Mask","section":"Miscellaneous"},"sceneLighting":false,"audioPlay":false,"sceneViewState":{"showFog":true,"showMaterialUpdate":true,"showSkybox":true,"showFlares":true,"showImageEffects":true,"showParticleSystems":true},"in2DMode":false,"pivot":{"x":-0.023500055074691774,"y":3.123000144958496,"z":0.18500006198883058},"rotation":{"x":0.047962091863155368,"y":-0.028463324531912805,"z":0.0013672902714461089,"w":0.9984425902366638},"size":15.207189559936524,"orthographic":true}