{"cameraMode":{"drawMode":31,"name":"Sprite Mask","section":"Miscellaneous"},"sceneLighting":true,"audioPlay":false,"sceneViewState":{"showFog":true,"showMaterialUpdate":true,"showSkybox":true,"showFlares":true,"showImageEffects":true,"showParticleSystems":true},"in2DMode":false,"pivot":{"x":-2.950000047683716,"y":-0.20999997854232789,"z":-4.130000114440918},"rotation":{"x":0.37761497497558596,"y":0.18826498091220857,"z":-0.07871104031801224,"w":0.9031987190246582},"size":113.76675415039063,"orthographic":true}