{"cameraMode":{"drawMode":31,"name":"Sprite Mask","section":"Miscellaneous"},"sceneLighting":true,"audioPlay":false,"sceneViewState":{"showFog":true,"showMaterialUpdate":true,"showSkybox":true,"showFlares":true,"showImageEffects":true,"showParticleSystems":true},"in2DMode":false,"pivot":{"x":-0.3965319097042084,"y":-4.550000190734863,"z":209.20733642578126},"rotation":{"x":-0.34837692975997927,"y":-0.0981660932302475,"z":0.03671455755829811,"w":-0.9314768314361572},"size":1.2434024810791016,"orthographic":true}