{"cameraMode":{"drawMode":31,"name":"Sprite Mask","section":"Miscellaneous"},"sceneLighting":true,"audioPlay":false,"sceneViewState":{"showFog":false,"showMaterialUpdate":false,"showSkybox":false,"showFlares":false,"showImageEffects":false,"showParticleSystems":false},"in2DMode":false,"pivot":{"x":-4.701569080352783,"y":-0.04721552133560181,"z":-4.0256218910217289},"rotation":{"x":0.010971548035740853,"y":-0.8728172779083252,"z":0.01964302361011505,"w":0.48752835392951968},"size":9.868922233581543,"orthographic":false}